x_coordinate,y_coordinate,Cell_Type,TCN_Label
50,102,CT1,4
59,19,CT1,2
14,94,CT2,3
43,9,CT2,2
47,13,CT1,2
61,97,CT2,4
45,115,CT2,5
54,124,CT1,2
42,28,CT3,1
52,42,CT2,2
65,83,CT1,4
37,19,CT3,1
6,64,CT2,3
35,79,CT1,1
66,70,CT4,1
23,113,CT1,5
45,67,CT2,4
64,12,CT1,2
45,19,CT1,2
10,48,CT8,3
29,15,CT2,5
26,122,CT6,5
66,22,CT2,2
62,54,CT15,1
55,55,CT2,4
24,62,CT1,3
24,26,CT12,1
51,27,CT2,2
10,52,CT3,3
37,15,CT1,1
44,94,CT6,2
42,96,CT1,2
14,88,CT1,3
31,115,CT4,5
47,69,CT1,4
36,106,CT1,5
53,79,CT2,4
44,56,CT2,4
53,101,CT1,4
21,111,CT1,5
16,24,CT1,5
13,69,CT1,3
49,17,CT2,4
33,51,CT1,1
26,0,CT3,5
34,58,CT2,2
14,86,CT1,3
26,94,CT1,3
35,115,CT1,5
55,31,CT2,2
6,90,CT1,3
47,33,CT1,4
28,42,CT1,1
61,37,CT1,2
29,25,CT3,1
51,93,CT2,4
9,65,CT2,3
45,21,CT1,2
6,34,CT12,5
59,31,CT1,2
15,67,CT8,3
29,31,CT2,1
49,113,CT1,2
27,99,CT1,5
64,52,CT5,1
36,24,CT1,1
6,92,CT1,3
14,30,CT2,5
15,39,CT8,5
56,14,CT1,2
57,113,CT2,2
40,96,CT1,2
8,70,CT2,3
24,70,CT6,3
46,92,CT2,2
12,64,CT1,3
62,82,CT1,4
36,118,CT1,5
54,68,CT1,2
16,92,CT1,3
58,8,CT2,2
53,73,CT1,4
15,53,CT1,3
24,76,CT2,3
20,104,CT2,5
8,22,CT1,5
23,65,CT1,3
54,94,CT1,4
50,92,CT1,4
47,39,CT2,4
48,42,CT1,4
24,40,CT1,1
9,83,CT1,3
36,74,CT7,1
22,10,CT1,5
47,113,CT1,2
55,61,CT2,4
38,44,CT1,2
60,92,CT2,4
12,92,CT1,3
11,27,CT1,5
35,93,CT1,2
53,41,CT1,2
51,127,CT1,2
16,66,CT2,3
20,66,CT1,3
3,89,CT1,3
7,49,CT8,3
18,18,CT15,5
29,27,CT1,1
14,20,CT4,5
5,49,CT1,3
22,124,CT15,5
20,126,CT14,5
13,25,CT2,5
60,54,CT1,1
36,68,CT1,1
27,27,CT2,1
35,77,CT15,1
39,29,CT2,1
36,80,CT3,1
59,109,CT1,2
59,39,CT1,2
26,90,CT1,3
59,73,CT1,1
53,69,CT2,4
49,107,CT2,2
65,23,CT1,2
19,125,CT15,5
9,97,CT8,3
57,35,CT1,2
50,68,CT1,4
35,73,CT3,1
57,81,CT1,4
3,57,CT2,3
28,48,CT2,1
39,109,CT6,5
27,87,CT8,3
42,118,CT1,5
24,38,CT1,1
30,46,CT2,1
63,21,CT2,2
26,92,CT1,3
60,26,CT2,2
25,81,CT2,3
44,92,CT2,2
19,47,CT1,1
33,31,CT4,1
45,101,CT1,2
21,125,CT6,5
41,25,CT1,1
62,48,CT2,1
28,10,CT2,5
44,104,CT1,2
49,27,CT1,4
52,80,CT2,4
57,85,CT1,4
18,104,CT9,3
46,34,CT2,4
5,61,CT3,3
36,30,CT1,1
52,38,CT7,4
5,71,CT1,3
52,122,CT1,2
23,19,CT1,5
52,46,CT1,4
48,86,CT1,4
19,111,CT2,5
57,57,CT1,1
25,7,CT15,5
8,42,CT3,5
49,109,CT2,2
27,101,CT15,5
36,22,CT2,1
54,98,CT2,4
13,47,CT1,3
8,26,CT1,5
39,79,CT1,4
42,114,CT1,5
8,60,CT1,3
52,16,CT1,4
26,110,CT1,5
38,10,CT4,1
32,92,CT7,3
51,15,CT2,4
4,94,CT2,3
48,30,CT2,4
44,78,CT2,4
23,47,CT12,1
15,21,CT20,5
23,93,CT3,3
25,101,CT1,5
25,59,CT1,3
19,97,CT1,3
30,16,CT15,1
19,35,CT1,1
55,27,CT2,2
66,32,CT5,2
40,50,CT1,4
58,66,CT2,1
51,63,CT1,4
23,91,CT1,3
63,9,CT1,2
66,58,CT8,1
49,63,CT2,4
45,83,CT2,2
13,91,CT1,3
11,67,CT1,3
64,16,CT2,2
63,97,CT1,4
50,82,CT2,4
44,84,CT1,2
7,103,CT1,3
32,72,CT1,1
22,30,CT1,1
30,26,CT1,1
37,1,CT1,5
49,75,CT2,4
29,37,CT2,1
61,87,CT2,4
4,106,CT1,3
44,76,CT2,4
42,20,CT2,1
36,32,CT2,1
2,62,CT7,3
57,31,CT1,2
51,97,CT1,4
31,9,CT1,5
28,82,CT7,3
43,123,CT3,5
24,56,CT5,3
44,90,CT1,2
14,64,CT1,3
60,16,CT1,2
31,117,CT4,5
24,50,CT1,1
19,39,CT1,5
65,17,CT14,2
25,43,CT1,1
41,111,CT7,5
31,71,CT4,1
7,71,CT2,3
27,71,CT1,1
58,110,CT1,2
17,17,CT8,5
52,48,CT1,4
59,115,CT2,2
52,24,CT2,4
7,57,CT1,3
10,58,CT6,3
59,99,CT1,4
10,80,CT1,3
53,87,CT2,4
51,39,CT2,4
38,0,CT2,5
46,14,CT1,2
19,119,CT1,5
59,9,CT2,2
21,63,CT1,3
32,12,CT1,5
55,57,CT2,4
42,102,CT5,2
42,62,CT1,4
41,37,CT2,4
45,81,CT2,4
9,75,CT1,3
4,74,CT2,3
40,104,CT1,2
51,61,CT2,4
3,67,CT3,3
20,110,CT5,5
53,49,CT1,4
17,49,CT1,3
56,78,CT2,4
7,81,CT1,3
30,54,CT1,1
41,107,CT1,2
23,121,CT10,5
48,76,CT5,4
38,4,CT5,1
4,72,CT5,3
9,103,CT1,3
48,94,CT1,2
38,56,CT2,2
44,12,CT1,2
42,42,CT1,4
30,86,CT1,3
25,25,CT2,1
37,37,CT1,4
60,100,CT1,4
61,29,CT1,2
57,65,CT2,1
38,100,CT5,2
42,48,CT1,4
58,54,CT5,1
12,20,CT2,5
56,40,CT1,2
48,84,CT2,4
21,115,CT6,5
13,65,CT7,3
16,126,CT7,5
6,80,CT1,3
9,53,CT2,3
57,11,CT1,2
61,67,CT1,1
28,66,CT2,1
54,120,CT3,2
36,92,CT12,2
51,79,CT1,4
44,106,CT1,2
46,98,CT2,2
59,15,CT1,2
4,100,CT1,3
61,39,CT2,2
5,65,CT1,3
50,30,CT2,4
32,30,CT4,1
41,113,CT1,5
55,107,CT15,4
34,112,CT1,5
65,15,CT1,2
46,18,CT2,2
32,24,CT1,1
64,34,CT2,2
8,34,CT1,5
9,81,CT1,3
50,18,CT2,4
57,13,CT2,2
28,104,CT16,5
22,80,CT2,3
25,63,CT1,3
36,102,CT1,2
37,43,CT1,2
10,70,CT2,3
63,47,CT1,1
25,109,CT5,5
56,102,CT2,4
33,61,CT1,2
17,73,CT8,3
3,71,CT1,3
43,71,CT2,4
49,59,CT1,4
41,31,CT1,1
34,62,CT1,2
29,5,CT1,5
28,100,CT6,5
39,13,CT1,1
15,27,CT2,5
61,75,CT1,1
18,108,CT1,5
57,79,CT2,4
52,60,CT5,4
53,55,CT1,4
49,77,CT2,4
61,11,CT2,2
47,25,CT5,4
24,118,CT10,5
10,66,CT3,3
33,67,CT6,1
41,97,CT1,2
17,63,CT6,3
41,69,CT2,4
39,39,CT1,4
19,13,CT1,5
8,54,CT1,3
33,113,CT4,5
60,44,CT2,1
14,68,CT5,3
8,98,CT5,3
63,17,CT1,2
25,41,CT2,1
60,56,CT2,1
50,104,CT1,4
38,108,CT1,5
53,113,CT1,2
64,22,CT2,2
14,74,CT1,3
59,41,CT2,2
7,33,CT15,5
60,86,CT2,4
25,69,CT1,3
9,43,CT2,5
63,29,CT1,2
47,17,CT2,2
32,104,CT5,5
21,123,CT4,5
57,69,CT1,1
48,70,CT1,4
18,10,CT1,5
49,23,CT1,4
36,78,CT6,1
27,1,CT1,5
42,78,CT18,4
8,84,CT1,3
36,126,CT14,5
36,70,CT1,1
57,93,CT2,4
47,83,CT2,4
4,80,CT1,3
16,70,CT1,3
37,119,CT8,5
53,9,CT2,4
30,78,CT2,1
27,39,CT7,1
10,36,CT5,5
33,55,CT2,2
30,64,CT1,1
13,31,CT3,5
3,59,CT3,3
11,95,CT5,3
58,78,CT2,4
14,32,CT7,5
36,90,CT1,2
38,52,CT8,2
46,90,CT2,2
51,81,CT1,4
61,85,CT1,4
27,75,CT1,1
31,127,CT2,5
42,72,CT1,4
4,56,CT3,3
29,49,CT1,1
44,10,CT2,2
52,108,CT2,2
32,106,CT2,5
28,62,CT2,2
39,11,CT15,1
61,13,CT2,2
56,120,CT12,2
53,115,CT1,2
44,124,CT1,5
61,9,CT2,4
27,73,CT1,1
52,14,CT1,4
42,44,CT1,4
64,78,CT1,1
48,28,CT1,4
37,11,CT3,1
32,98,CT2,5
17,23,CT2,5
22,12,CT1,5
7,47,CT1,3
51,9,CT1,4
22,28,CT8,1
49,65,CT1,4
26,56,CT1,3
51,111,CT1,4
41,17,CT1,1
49,97,CT2,2
53,33,CT2,4
8,102,CT1,3
28,46,CT1,1
63,45,CT8,1
26,88,CT1,3
58,34,CT1,2
40,18,CT3,1
29,19,CT5,1
58,112,CT2,2
16,64,CT1,3
24,28,CT4,1
10,16,CT1,5
51,101,CT1,4
48,106,CT1,2
28,122,CT10,5
6,98,CT8,3
32,44,CT2,1
40,38,CT2,4
15,35,CT6,5
46,82,CT1,4
64,72,CT3,1
21,97,CT5,3
29,75,CT1,1
21,55,CT2,3
14,98,CT1,3
34,106,CT5,5
58,24,CT1,2
36,54,CT1,2
53,13,CT2,4
60,72,CT2,1
41,93,CT3,2
56,20,CT1,2
27,65,CT1,1
34,20,CT7,1
53,81,CT2,4
31,35,CT1,1
64,68,CT10,1
56,58,CT1,4
51,95,CT3,4
53,19,CT2,4
22,52,CT5,1
64,58,CT2,1
63,89,CT2,4
23,81,CT1,3
42,26,CT3,1
64,26,CT2,2
61,49,CT2,1
15,65,CT1,3
41,121,CT1,5
17,103,CT2,3
57,117,CT1,2
37,3,CT1,3
50,22,CT2,4
50,14,CT1,4
21,15,CT1,5
51,37,CT2,4
17,59,CT5,3
25,55,CT1,3
57,55,CT1,1
24,92,CT1,3
40,122,CT9,5
8,96,CT1,3
62,62,CT8,1
50,12,CT2,4
13,37,CT10,5
66,66,CT10,1
18,116,CT2,5
8,24,CT5,5
6,36,CT4,5
45,71,CT4,4
2,92,CT1,3
61,33,CT2,2
64,86,CT1,4
21,99,CT8,3
16,74,CT1,5
57,109,CT2,2
52,86,CT2,4
38,76,CT2,1
18,88,CT12,3
39,107,CT1,5
41,45,CT3,4
20,84,CT3,3
54,28,CT1,2
5,47,CT2,3
41,23,CT7,1
61,65,CT15,1
43,85,CT1,2
16,38,CT3,5
43,45,CT2,4
18,98,CT1,3
24,122,CT15,5
26,126,CT17,5
52,98,CT2,4
53,65,CT2,4
46,96,CT2,2
48,16,CT2,4
30,120,CT16,5
57,115,CT1,2
26,86,CT7,3
59,49,CT1,1
49,99,CT2,2
28,38,CT4,1
15,55,CT1,3
45,25,CT1,4
62,88,CT2,4
58,122,CT2,2
59,17,CT1,2
26,30,CT1,1
50,42,CT2,4
24,18,CT1,5
13,89,CT2,3
36,110,CT1,5
55,53,CT1,4
29,113,CT10,5
8,74,CT1,3
44,20,CT2,2
17,45,CT1,3
35,65,CT5,1
37,97,CT2,2
65,33,CT7,2
34,92,CT1,1
29,11,CT4,5
30,88,CT2,3
33,63,CT1,1
13,41,CT1,5
12,76,CT1,3
63,35,CT8,2
35,31,CT1,1
35,109,CT1,5
38,124,CT1,5
46,20,CT1,2
26,104,CT10,5
64,56,CT16,1
37,17,CT2,1
43,115,CT1,5
22,74,CT5,3
41,67,CT2,4
5,91,CT1,3
16,60,CT2,3
29,109,CT6,5
35,11,CT1,1
25,79,CT1,3
6,88,CT9,3
56,88,CT2,4
2,72,CT2,3
4,102,CT1,3
16,98,CT1,3
13,51,CT2,3
25,33,CT2,1
64,48,CT8,1
58,26,CT1,2
58,52,CT1,1
41,47,CT2,4
48,90,CT2,2
55,99,CT2,4
6,30,CT1,5
16,28,CT1,5
42,100,CT2,2
17,93,CT1,3
24,124,CT6,5
38,90,CT2,2
25,39,CT2,1
47,23,CT1,2
40,112,CT3,5
65,81,CT4,4
57,91,CT2,4
51,29,CT2,4
29,111,CT8,5
54,30,CT2,2
18,20,CT1,5
24,66,CT10,3
44,102,CT1,2
21,121,CT7,5
44,52,CT1,4
66,28,CT16,2
35,87,CT3,2
29,103,CT6,5
8,88,CT1,3
59,89,CT2,4
45,49,CT1,4
33,87,CT1,3
52,96,CT2,4
46,42,CT1,4
61,91,CT10,4
41,89,CT1,2
24,94,CT1,3
62,86,CT6,4
40,12,CT2,1
47,9,CT4,2
17,95,CT8,3
21,23,CT3,1
40,44,CT1,4
16,80,CT15,3
51,25,CT2,4
24,8,CT2,5
26,14,CT1,5
15,89,CT3,3
20,8,CT2,5
30,50,CT1,1
43,65,CT1,4
13,19,CT4,5
10,26,CT2,5
65,63,CT15,1
16,18,CT1,5
25,121,CT16,5
12,62,CT9,3
58,74,CT2,1
48,102,CT1,2
47,31,CT2,4
47,61,CT1,4
57,107,CT1,4
34,50,CT4,1
5,85,CT3,3
38,28,CT1,1
35,81,CT15,1
25,75,CT1,3
50,72,CT2,4
27,103,CT5,5
36,108,CT1,5
46,52,CT2,4
16,16,CT3,5
47,63,CT1,4
18,30,CT3,5
61,77,CT1,1
64,64,CT16,1
56,72,CT5,2
35,29,CT1,1
4,60,CT2,3
9,55,CT5,3
58,64,CT1,1
37,123,CT1,5
40,78,CT4,1
56,22,CT1,2
22,82,CT1,3
33,11,CT7,1
55,77,CT2,4
47,93,CT2,2
63,63,CT8,1
59,105,CT1,4
21,61,CT8,3
9,25,CT19,5
58,84,CT2,4
30,10,CT1,5
28,92,CT1,3
33,45,CT1,1
26,48,CT3,1
27,93,CT1,3
62,98,CT2,4
18,14,CT1,5
16,10,CT12,5
5,103,CT1,3
43,33,CT2,4
25,97,CT6,5
21,71,CT7,3
28,64,CT1,2
7,67,CT6,3
41,57,CT1,2
38,102,CT5,2
58,68,CT2,1
54,74,CT1,4
63,11,CT2,2
37,105,CT10,5
38,110,CT1,5
58,92,CT1,4
19,87,CT1,3
35,61,CT2,2
35,97,CT2,2
44,40,CT2,4
51,77,CT1,4
11,59,CT9,3
18,32,CT4,1
31,55,CT1,1
47,107,CT2,2
49,33,CT2,4
33,65,CT1,1
61,19,CT2,2
20,82,CT8,3
46,36,CT2,4
21,67,CT2,3
44,42,CT1,4
57,87,CT2,4
49,15,CT2,4
33,127,CT16,5
8,94,CT1,3
23,87,CT1,3
39,59,CT1,2
25,37,CT1,1
43,27,CT2,1
62,72,CT1,1
5,83,CT5,3
50,52,CT2,4
40,46,CT1,4
62,14,CT1,2
44,48,CT2,4
38,26,CT1,1
45,47,CT1,4
6,44,CT9,5
48,126,CT3,2
43,63,CT1,4
23,61,CT3,3
25,57,CT4,3
45,105,CT1,2
23,111,CT5,5
35,125,CT4,5
52,76,CT2,4
20,96,CT1,3
34,8,CT4,1
29,3,CT15,5
63,23,CT1,2
58,98,CT2,4
10,94,CT1,3
55,67,CT5,2
60,108,CT1,4
16,72,CT8,3
48,116,CT4,2
63,41,CT17,2
16,12,CT1,5
29,101,CT1,5
61,69,CT1,1
26,76,CT1,3
15,57,CT2,3
26,44,CT3,1
30,108,CT4,5
26,120,CT7,5
22,46,CT4,1
16,58,CT2,3
52,30,CT2,4
63,43,CT17,1
48,88,CT1,2
25,35,CT2,1
42,120,CT1,5
16,54,CT1,3
44,50,CT2,4
59,11,CT2,2
27,45,CT10,1
25,65,CT1,3
4,52,CT6,3
43,91,CT9,2
31,75,CT1,1
19,83,CT2,3
35,71,CT2,1
48,104,CT2,2
21,29,CT6,1
60,76,CT1,1
56,112,CT5,2
53,7,CT2,4
38,120,CT15,5
36,66,CT2,2
19,79,CT6,3
27,61,CT1,2
64,18,CT2,2
33,9,CT1,5
34,124,CT15,5
9,93,CT1,3
4,88,CT1,3
61,31,CT1,2
45,91,CT2,2
64,24,CT2,2
45,85,CT1,2
32,112,CT4,5
46,22,CT2,2
23,57,CT1,3
47,71,CT2,4
5,59,CT1,3
15,29,CT1,5
34,14,CT1,1
65,47,CT4,1
33,125,CT16,5
2,104,CT1,3
43,59,CT1,2
22,66,CT1,3
23,79,CT15,3
14,66,CT8,3
11,87,CT1,3
50,108,CT2,2
48,118,CT1,2
19,121,CT5,5
40,30,CT2,1
18,44,CT2,3
22,100,CT1,5
25,105,CT4,5
19,49,CT3,1
37,71,CT2,1
18,78,CT1,3
33,115,CT8,5
7,61,CT1,3
21,53,CT9,1
59,37,CT2,2
58,100,CT2,4
56,68,CT1,1
20,98,CT8,3
27,25,CT1,1
46,60,CT2,4
61,89,CT6,4
26,24,CT4,1
23,39,CT1,1
10,24,CT1,5
36,26,CT1,1
42,110,CT1,5
11,51,CT1,3
6,86,CT1,3
9,87,CT3,3
31,49,CT1,1
20,114,CT1,5
8,72,CT19,3
12,22,CT5,5
52,8,CT1,4
33,99,CT1,5
64,84,CT3,4
51,99,CT1,4
35,43,CT2,1
54,102,CT2,4
12,52,CT1,3
25,3,CT7,5
35,103,CT9,5
15,85,CT1,3
53,123,CT1,2
14,52,CT2,3
30,38,CT4,1
31,111,CT4,5
14,78,CT13,3
55,35,CT2,2
53,31,CT1,2
40,84,CT2,2
19,71,CT12,3
36,0,CT1,5
47,47,CT2,4
30,40,CT1,1
4,78,CT1,3
12,84,CT7,3
11,75,CT3,3
45,111,CT2,2
56,30,CT1,2
46,124,CT2,2
44,24,CT1,2
45,53,CT2,4
22,116,CT3,5
13,67,CT16,3
32,120,CT4,5
1,93,CT2,3
61,103,CT2,4
25,123,CT15,5
20,50,CT1,1
18,38,CT6,5
55,113,CT2,2
15,79,CT1,3
4,86,CT1,3
18,46,CT2,1
59,55,CT1,1
9,41,CT19,5
30,126,CT3,5
46,74,CT2,4
45,89,CT3,2
32,38,CT6,1
18,66,CT1,3
54,72,CT2,2
40,68,CT2,4
34,110,CT1,5
6,54,CT1,3
40,94,CT1,2
26,74,CT2,3
44,120,CT1,5
40,10,CT1,1
5,105,CT1,3
54,40,CT1,2
12,88,CT8,3
14,24,CT1,5
29,119,CT4,5
54,82,CT2,4
9,91,CT1,3
28,86,CT8,3
6,56,CT9,3
37,115,CT3,5
29,65,CT5,1
37,63,CT2,2
42,50,CT2,4
55,103,CT2,4
47,115,CT2,2
25,27,CT1,1
33,89,CT1,3
5,89,CT1,3
64,20,CT2,2
31,59,CT2,1
20,60,CT2,3
57,97,CT2,4
62,60,CT4,1
60,112,CT1,2
54,114,CT17,2
47,73,CT1,4
60,38,CT1,2
57,75,CT2,4
38,64,CT2,2
10,18,CT4,5
18,90,CT8,3
44,108,CT1,2
40,8,CT7,1
60,22,CT1,2
11,61,CT2,3
35,105,CT1,5
17,43,CT1,3
20,86,CT1,3
53,39,CT2,2
56,80,CT1,4
50,16,CT4,4
8,40,CT1,5
10,84,CT1,3
27,59,CT1,3
9,67,CT2,3
16,104,CT2,3
7,93,CT7,3
52,104,CT1,4
53,37,CT1,2
47,29,CT2,4
17,25,CT1,5
20,72,CT1,3
18,70,CT1,3
24,84,CT1,3
43,103,CT1,2
33,29,CT4,1
24,72,CT1,3
31,43,CT2,1
42,98,CT1,2
23,123,CT9,5
15,103,CT1,3
31,11,CT1,5
49,37,CT1,4
7,95,CT5,3
37,81,CT2,1
55,91,CT2,4
35,51,CT2,1
59,107,CT2,4
5,75,CT7,3
39,57,CT1,2
11,71,CT1,3
56,36,CT1,2
15,87,CT2,3
48,74,CT2,4
35,13,CT2,1
59,101,CT2,4
65,51,CT1,1
19,43,CT2,1
34,48,CT2,1
21,31,CT15,1
14,14,CT1,5
53,85,CT2,4
55,111,CT1,2
50,124,CT2,2
53,51,CT2,4
31,99,CT7,5
50,50,CT2,4
51,57,CT2,4
26,70,CT1,3
54,48,CT1,2
9,69,CT1,3
26,46,CT3,1
22,108,CT1,5
55,17,CT3,4
28,78,CT2,3
50,100,CT2,4
62,74,CT1,1
3,63,CT1,3
11,85,CT2,3
23,77,CT8,3
15,95,CT1,3
53,43,CT2,2
33,59,CT2,2
28,90,CT1,3
14,42,CT14,5
48,22,CT1,4
32,28,CT2,1
13,85,CT7,3
35,127,CT4,5
44,60,CT1,2
39,43,CT1,2
56,28,CT1,2
49,73,CT2,4
19,101,CT3,3
21,25,CT1,1
20,102,CT1,5
48,18,CT1,2
25,91,CT1,3
25,99,CT9,5
6,28,CT1,5
42,66,CT2,4
25,83,CT1,3
16,22,CT4,5
15,37,CT1,5
52,92,CT2,4
29,51,CT1,1
26,26,CT4,1
36,94,CT1,2
58,72,CT1,1
42,14,CT2,2
6,46,CT1,3
13,35,CT1,5
61,55,CT17,1
37,31,CT1,1
65,31,CT1,2
39,63,CT6,2
36,48,CT1,1
37,113,CT1,5
26,22,CT1,1
54,42,CT1,2
15,77,CT8,3
19,45,CT5,1
45,31,CT2,4
18,102,CT1,3
43,55,CT1,4
48,24,CT1,4
9,79,CT1,3
15,7,CT14,5
11,69,CT9,3
52,94,CT1,4
15,15,CT3,5
54,92,CT2,4
14,44,CT8,3
42,58,CT2,2
23,11,CT1,5
45,121,CT1,5
18,100,CT1,3
28,8,CT1,5
37,99,CT1,2
11,43,CT1,5
5,69,CT5,3
40,106,CT1,2
59,79,CT2,4
21,69,CT1,3
45,103,CT1,2
3,91,CT5,3
6,70,CT1,3
43,21,CT1,2
26,98,CT15,5
15,63,CT1,3
12,60,CT1,3
6,104,CT1,3
55,101,CT2,4
17,57,CT1,3
56,82,CT2,4
21,85,CT6,3
45,73,CT1,4
26,66,CT2,1
54,90,CT2,4
49,85,CT2,4
27,117,CT5,5
19,65,CT1,3
26,52,CT1,1
5,67,CT2,3
32,118,CT15,5
12,18,CT16,5
23,119,CT3,5
36,12,CT4,1
25,115,CT4,5
13,15,CT1,5
25,85,CT1,3
5,77,CT8,3
16,26,CT1,5
50,48,CT1,4
22,48,CT3,1
51,113,CT2,2
31,37,CT2,1
10,100,CT1,3
47,123,CT15,2
52,52,CT1,4
20,62,CT1,3
33,71,CT2,1
14,48,CT5,3
28,0,CT2,5
34,42,CT1,1
14,84,CT1,3
37,49,CT2,1
19,93,CT1,3
20,46,CT2,1
29,85,CT4,3
39,49,CT3,2
8,28,CT8,5
48,92,CT1,2
52,118,CT2,2
52,40,CT1,2
37,75,CT1,1
41,109,CT1,5
17,75,CT6,3
47,27,CT2,4
35,107,CT5,5
34,122,CT16,5
30,116,CT5,5
39,21,CT1,1
58,106,CT1,4
52,36,CT1,4
23,21,CT12,1
28,84,CT5,3
19,123,CT8,5
37,65,CT1,2
32,124,CT16,5
9,35,CT9,5
63,65,CT15,1
37,21,CT1,1
29,17,CT14,1
27,53,CT5,1
27,91,CT7,3
42,8,CT1,1
10,22,CT15,5
24,86,CT5,3
59,59,CT2,1
14,76,CT9,3
30,102,CT1,5
18,62,CT1,3
15,17,CT1,5
53,103,CT1,4
14,38,CT7,5
50,62,CT1,4
38,98,CT1,2
7,41,CT1,5
56,98,CT2,4
35,53,CT1,2
21,43,CT12,1
32,22,CT2,1
32,42,CT6,1
33,39,CT8,1
29,123,CT10,5
55,71,CT2,2
34,88,CT7,3
43,35,CT2,4
8,66,CT1,3
2,88,CT1,3
60,40,CT2,2
39,33,CT2,1
21,105,CT1,5
53,111,CT5,2
52,12,CT2,4
42,82,CT1,4
45,11,CT1,2
20,74,CT14,3
48,108,CT1,2
37,127,CT9,5
49,67,CT2,4
11,79,CT1,3
19,41,CT1,1
19,23,CT8,5
65,57,CT4,1
25,21,CT1,1
53,17,CT1,4
40,28,CT2,1
57,39,CT1,2
23,51,CT1,1
52,106,CT1,4
10,20,CT5,5
60,24,CT2,2
16,44,CT15,3
50,106,CT2,2
31,39,CT1,1
38,12,CT1,1
14,16,CT1,5
41,19,CT1,1
34,24,CT8,1
47,5,CT1,2
6,72,CT15,3
50,56,CT2,4
17,27,CT8,5
44,18,CT5,2
49,71,CT2,4
29,125,CT8,5
22,22,CT2,1
16,14,CT9,5
33,21,CT1,1
57,111,CT2,2
54,26,CT1,2
13,97,CT1,3
4,76,CT3,3
46,112,CT1,2
18,112,CT1,5
6,62,CT1,3
37,101,CT2,2
38,20,CT6,1
36,76,CT4,1
45,123,CT5,5
28,26,CT1,1
56,66,CT1,2
4,66,CT1,3
54,12,CT1,4
13,55,CT1,3
45,119,CT1,5
15,97,CT1,3
39,9,CT1,1
51,45,CT1,4
32,26,CT4,1
30,22,CT1,1
45,63,CT1,4
63,99,CT5,4
6,74,CT6,3
47,35,CT2,4
27,113,CT15,5
24,32,CT4,1
58,56,CT2,1
18,118,CT6,5
35,111,CT1,5
14,56,CT1,3
47,11,CT1,2
16,52,CT1,3
32,76,CT4,1
36,86,CT1,2
38,32,CT15,1
38,114,CT1,5
56,42,CT1,2
33,77,CT6,1
12,34,CT4,5
60,96,CT2,4
60,104,CT1,4
53,27,CT1,2
17,111,CT6,5
36,120,CT1,5
12,48,CT7,3
24,106,CT8,5
48,36,CT1,4
20,88,CT1,3
40,22,CT1,1
14,82,CT7,3
42,68,CT2,4
52,114,CT1,2
49,89,CT2,4
21,93,CT2,3
9,105,CT2,3
51,33,CT1,4
3,93,CT14,3
16,32,CT1,5
22,126,CT15,5
27,49,CT6,1
36,88,CT6,2
51,11,CT1,4
12,72,CT2,3
55,81,CT2,4
55,45,CT2,2
60,10,CT2,2
62,52,CT1,1
19,77,CT3,3
37,111,CT1,5
62,24,CT1,2
29,69,CT1,1
62,92,CT1,4
17,35,CT1,1
28,102,CT3,5
27,97,CT1,5
10,30,CT2,5
9,63,CT5,3
33,33,CT1,1
38,8,CT1,1
62,96,CT2,4
15,71,CT9,3
3,73,CT5,3
18,74,CT4,3
21,95,CT5,3
57,59,CT1,1
41,85,CT1,2
32,10,CT5,5
23,73,CT1,3
52,26,CT1,2
34,36,CT1,1
15,75,CT12,3
53,61,CT1,4
37,85,CT3,2
23,71,CT3,3
45,61,CT1,4
3,87,CT1,3
35,9,CT7,1
8,20,CT1,5
32,14,CT1,1
26,50,CT2,1
39,113,CT5,5
29,43,CT2,1
59,69,CT1,1
37,41,CT1,2
40,24,CT1,1
29,67,CT2,1
36,114,CT1,5
36,62,CT4,2
3,99,CT2,3
58,94,CT2,4
61,47,CT1,1
43,15,CT1,2
19,73,CT1,3
55,109,CT1,2
58,50,CT1,1
25,95,CT3,3
11,77,CT4,3
41,33,CT1,4
50,96,CT2,4
49,49,CT1,4
14,70,CT5,3
47,15,CT1,2
19,105,CT1,5
33,35,CT1,1
62,22,CT2,2
62,20,CT1,2
63,57,CT17,1
2,94,CT1,3
43,95,CT1,2
46,94,CT4,2
36,42,CT1,2
8,64,CT5,3
48,12,CT2,2
50,10,CT1,4
23,89,CT1,3
33,109,CT15,5
43,61,CT2,2
29,73,CT1,1
45,7,CT1,2
64,88,CT1,4
56,104,CT1,4
42,116,CT5,5
23,25,CT2,1
12,46,CT2,3
17,67,CT9,3
23,117,CT5,5
28,118,CT1,5
14,22,CT3,5
29,71,CT5,1
38,78,CT5,1
64,60,CT13,1
45,35,CT1,4
55,29,CT1,2
10,38,CT4,5
27,85,CT9,3
37,93,CT10,2
43,117,CT2,5
40,48,CT1,4
7,35,CT2,5
38,50,CT1,2
46,24,CT1,2
22,96,CT2,3
58,12,CT1,2
56,62,CT2,1
57,73,CT2,1
27,37,CT2,1
24,0,CT14,5
23,33,CT1,1
28,44,CT1,1
26,28,CT4,1
39,87,CT2,2
39,99,CT6,2
8,58,CT1,3
25,113,CT7,5
52,102,CT1,4
9,85,CT1,3
28,116,CT8,5
40,66,CT1,4
27,57,CT3,3
39,17,CT1,1
49,9,CT1,4
24,80,CT1,3
59,51,CT2,1
18,80,CT12,3
24,20,CT1,5
39,83,CT15,2
38,122,CT1,5
58,104,CT2,4
43,73,CT2,4
41,27,CT1,1
45,117,CT2,5
24,12,CT1,5
59,81,CT2,4
52,20,CT1,4
56,24,CT1,2
50,54,CT2,4
21,75,CT2,3
12,16,CT1,5
43,97,CT1,2
28,80,CT2,3
30,118,CT10,5
18,106,CT7,5
2,64,CT1,3
27,51,CT4,1
38,48,CT2,2
39,101,CT1,2
14,36,CT2,5
19,31,CT3,1
38,60,CT1,2
21,45,CT1,1
33,37,CT5,1
48,98,CT2,2
25,47,CT2,1
59,43,CT2,2
66,52,CT4,1
42,30,CT4,4
18,42,CT1,3
14,50,CT1,3
31,85,CT7,3
58,48,CT1,1
4,82,CT1,3
47,45,CT2,4
54,60,CT2,4
39,67,CT2,4
10,86,CT1,3
0,102,CT2,3
30,34,CT1,1
19,17,CT15,5
60,80,CT2,4
52,66,CT1,4
54,108,CT2,2
11,89,CT1,3
12,28,CT1,5
32,94,CT5,2
35,59,CT1,2
28,112,CT10,5
43,105,CT2,2
59,93,CT2,4
46,110,CT1,2
8,86,CT5,3
4,68,CT7,3
8,56,CT1,3
47,105,CT1,2
45,65,CT1,4
49,91,CT1,2
19,15,CT16,5
23,59,CT1,3
32,56,CT2,2
14,18,CT5,5
41,55,CT1,2
32,86,CT4,3
56,114,CT1,2
43,83,CT3,2
22,92,CT1,3
26,80,CT1,3
20,118,CT4,5
63,51,CT14,1
18,82,CT1,3
35,23,CT4,1
42,36,CT2,4
49,39,CT1,4
15,99,CT1,3
17,31,CT2,5
30,98,CT1,5
24,98,CT1,5
9,29,CT1,5
39,25,CT5,1
66,30,CT3,2
8,100,CT1,3
11,23,CT16,5
22,68,CT1,3
13,71,CT1,3
7,53,CT1,3
32,54,CT8,2
23,125,CT6,5
20,124,CT15,5
30,14,CT1,5
47,51,CT2,4
17,11,CT1,5
11,49,CT1,3
20,20,CT5,5
12,14,CT8,5
63,25,CT1,2
34,96,CT1,2
54,22,CT2,2
56,76,CT2,4
16,62,CT6,3
41,125,CT2,5
40,56,CT1,2
15,83,CT2,3
63,55,CT14,1
40,74,CT2,1
39,31,CT2,1
43,77,CT1,4
9,19,CT6,5
62,28,CT2,2
48,120,CT1,2
47,101,CT1,2
28,40,CT1,1
60,34,CT2,2
32,116,CT15,5
49,111,CT1,2
59,87,CT1,4
14,90,CT6,3
65,61,CT17,1
48,20,CT2,4
19,109,CT10,5
57,77,CT2,4
44,74,CT1,4
65,45,CT3,1
21,13,CT5,5
26,108,CT15,5
64,66,CT4,1
34,40,CT1,1
13,59,CT8,3
21,117,CT1,5
18,92,CT2,3
35,49,CT4,1
55,41,CT2,2
36,36,CT2,1
44,62,CT2,4
61,35,CT1,2
26,84,CT2,3
37,35,CT8,1
30,94,CT1,3
58,102,CT2,4
50,36,CT2,4
44,72,CT3,4
6,102,CT1,3
28,34,CT16,1
27,105,CT3,5
21,27,CT8,1
58,40,CT1,2
57,101,CT2,4
31,91,CT1,3
5,73,CT5,3
38,24,CT4,1
35,57,CT1,2
12,80,CT2,3
53,25,CT2,2
29,93,CT1,3
60,42,CT2,2
31,25,CT2,1
27,63,CT2,3
10,96,CT1,3
7,25,CT5,5
33,103,CT2,5
42,74,CT1,4
34,66,CT1,1
59,117,CT1,2
23,101,CT1,5
47,125,CT1,2
51,91,CT1,4
36,104,CT2,5
58,70,CT1,1
63,81,CT1,4
14,80,CT1,3
37,69,CT1,1
34,38,CT1,1
53,67,CT2,2
26,68,CT7,1
26,100,CT15,5
62,38,CT14,2
53,93,CT1,4
58,118,CT2,2
35,69,CT5,1
63,59,CT16,1
54,104,CT2,4
30,66,CT7,1
11,55,CT5,3
45,17,CT1,2
52,62,CT1,4
36,82,CT5,1
64,40,CT1,2
63,85,CT1,4
14,102,CT13,3
18,122,CT5,5
62,68,CT10,1
63,75,CT5,1
40,26,CT4,1
16,30,CT1,5
24,96,CT1,5
28,124,CT10,5
13,63,CT1,3
50,26,CT1,4
29,127,CT10,5
27,3,CT8,5
60,78,CT1,4
22,62,CT1,3
51,115,CT1,2
51,23,CT1,2
43,39,CT2,4
19,59,CT2,3
15,19,CT1,5
12,30,CT3,5
62,50,CT4,1
55,117,CT1,2
23,109,CT1,5
6,100,CT1,3
29,59,CT9,3
23,99,CT5,5
24,68,CT2,3
60,12,CT1,4
60,64,CT1,1
31,121,CT16,5
61,27,CT2,2
41,81,CT2,4
18,50,CT9,1
56,26,CT1,2
60,18,CT2,2
22,104,CT3,5
24,110,CT1,5
43,17,CT1,2
48,68,CT2,4
32,70,CT1,1
4,62,CT7,3
24,6,CT2,5
57,21,CT1,2
12,50,CT6,3
32,62,CT1,2
14,72,CT7,3
46,100,CT1,2
62,40,CT1,2
54,58,CT1,4
19,69,CT2,3
47,53,CT2,4
22,106,CT1,5
51,119,CT1,2
31,101,CT2,5
49,117,CT2,2
15,25,CT5,5
31,125,CT5,5
32,16,CT1,1
61,111,CT2,2
50,76,CT1,4
29,117,CT10,5
15,49,CT1,3
54,70,CT2,2
61,101,CT1,4
21,77,CT1,3
40,62,CT1,2
8,80,CT1,3
33,121,CT4,5
64,28,CT1,2
63,93,CT1,4
31,23,CT1,1
10,92,CT2,3
16,90,CT1,3
49,35,CT1,4
49,119,CT1,2
53,75,CT2,4
20,112,CT5,5
29,53,CT1,1
50,88,CT1,4
51,13,CT2,4
49,55,CT5,4
48,26,CT2,4
17,81,CT1,3
37,89,CT1,2
20,22,CT14,5
7,27,CT1,5
44,96,CT1,2
54,56,CT5,4
38,84,CT1,2
37,117,CT1,5
44,30,CT8,4
43,79,CT1,4
53,11,CT2,4
60,114,CT1,2
42,88,CT2,2
29,97,CT5,5
23,15,CT1,5
7,65,CT1,3
65,19,CT1,2
8,38,CT1,5
42,124,CT2,5
46,88,CT1,2
39,51,CT2,4
56,46,CT1,2
20,32,CT2,1
23,83,CT1,3
10,98,CT1,3
42,70,CT2,4
55,89,CT2,4
48,58,CT2,4
22,56,CT1,3
22,34,CT1,1
25,9,CT3,5
11,63,CT1,3
31,45,CT1,1
16,48,CT8,3
27,9,CT1,5
22,78,CT1,3
63,15,CT1,2
32,102,CT1,5
61,83,CT2,4
43,11,CT3,2
13,27,CT1,5
59,77,CT1,4
54,18,CT2,4
19,37,CT1,1
36,60,CT3,2
56,50,CT2,1
4,104,CT1,3
50,110,CT2,2
39,45,CT1,4
46,28,CT1,4
51,47,CT2,4
66,34,CT17,2
14,60,CT5,3
9,57,CT1,3
12,24,CT1,5
39,93,CT1,2
43,25,CT2,1
45,55,CT1,4
61,57,CT8,1
21,51,CT4,1
50,66,CT2,4
10,34,CT1,5
22,94,CT2,3
38,80,CT1,4
18,28,CT1,1
23,67,CT8,3
51,73,CT3,4
50,84,CT1,4
41,87,CT1,2
44,64,CT1,4
54,66,CT1,2
60,94,CT2,4
48,122,CT2,2
32,18,CT5,1
32,40,CT4,1
62,44,CT3,1
40,92,CT6,2
13,61,CT2,3
60,20,CT2,2
27,109,CT6,5
45,51,CT2,4
60,52,CT1,1
28,24,CT1,1
13,73,CT3,3
37,103,CT1,2
56,54,CT1,4
35,21,CT1,1
25,31,CT1,1
7,85,CT1,3
18,22,CT1,5
33,23,CT1,1
18,68,CT1,3
30,52,CT1,1
13,17,CT3,5
18,96,CT1,3
13,49,CT1,3
43,53,CT2,4
22,50,CT2,1
57,71,CT1,1
4,54,CT8,3
59,67,CT2,1
41,9,CT2,1
63,79,CT1,4
19,63,CT1,3
27,123,CT8,5
48,114,CT5,2
31,87,CT1,3
33,15,CT18,1
5,101,CT1,3
18,124,CT15,5
59,29,CT2,2
14,40,CT1,5
3,65,CT1,3
65,69,CT13,1
23,3,CT1,5
61,61,CT4,1
34,60,CT1,2
55,21,CT2,2
29,35,CT4,1
66,60,CT2,1
25,119,CT1,5
52,58,CT8,4
37,91,CT8,2
39,47,CT2,4
15,61,CT12,3
36,46,CT1,2
42,92,CT2,2
46,118,CT3,2
18,110,CT5,5
60,36,CT2,2
13,83,CT5,3
26,42,CT1,1
11,41,CT2,5
42,64,CT2,4
21,17,CT2,5
63,69,CT5,1
15,91,CT3,3
43,81,CT2,4
23,69,CT8,3
34,68,CT1,1
47,55,CT2,4
28,30,CT10,1
44,100,CT2,2
25,77,CT1,3
20,54,CT1,2
56,116,CT1,2
30,72,CT1,1
19,25,CT2,5
44,46,CT2,4
52,110,CT2,2
44,8,CT1,2
42,86,CT2,2
38,22,CT2,1
21,9,CT2,5
65,71,CT4,1
52,50,CT2,4
58,108,CT1,4
31,47,CT7,1
3,69,CT3,3
54,20,CT3,4
9,59,CT9,3
38,112,CT10,5
34,22,CT2,1
50,112,CT10,2
13,81,CT8,3
40,52,CT1,4
38,6,CT1,1
52,70,CT2,4
56,100,CT1,4
54,54,CT2,4
11,31,CT1,5
38,36,CT2,4
4,58,CT8,3
61,51,CT4,1
30,100,CT2,5
8,30,CT1,5
28,32,CT7,1
24,116,CT5,5
8,90,CT1,3
23,53,CT1,1
27,43,CT3,1
49,21,CT2,4
8,82,CT1,3
38,106,CT1,5
27,111,CT7,5
56,10,CT1,2
28,96,CT6,5
9,101,CT1,3
59,75,CT1,1
46,80,CT1,4
27,15,CT12,5
6,94,CT14,3
28,56,CT1,1
53,57,CT2,4
28,6,CT8,5
38,40,CT2,2
44,28,CT1,4
34,44,CT4,1
30,74,CT1,1
45,77,CT1,4
27,121,CT4,5
52,72,CT2,4
58,80,CT2,4
42,122,CT1,5
64,30,CT1,2
12,40,CT7,5
9,47,CT5,3
53,89,CT2,4
14,58,CT1,3
51,107,CT4,2
49,93,CT1,4
61,23,CT1,2
29,83,CT1,3
15,33,CT6,5
20,108,CT1,5
27,31,CT4,1
40,114,CT8,5
55,23,CT1,2
35,27,CT1,1
65,41,CT1,1
11,33,CT1,5
20,122,CT1,5
27,89,CT1,3
63,31,CT1,2
12,68,CT1,3
18,26,CT3,1
3,95,CT1,3
51,117,CT1,2
48,14,CT2,2
15,43,CT1,3
62,64,CT8,1
57,121,CT1,2
49,43,CT2,4
63,71,CT6,1
56,48,CT2,2
46,58,CT1,4
29,9,CT1,5
63,83,CT1,4
44,88,CT1,2
51,19,CT2,4
15,41,CT1,5
39,89,CT5,2
10,28,CT6,5
45,45,CT2,4
48,60,CT1,4
39,123,CT3,5
12,58,CT8,3
39,81,CT2,4
19,91,CT1,3
28,18,CT7,1
34,100,CT10,2
17,89,CT3,3
62,36,CT2,2
30,56,CT1,3
28,60,CT4,3
36,124,CT4,5
39,73,CT2,1
27,95,CT1,5
50,32,CT1,4
7,83,CT2,3
27,47,CT4,1
36,52,CT1,2
50,98,CT2,4
61,25,CT1,2
41,13,CT8,2
20,14,CT1,5
28,68,CT1,2
38,72,CT2,1
50,118,CT1,2
62,56,CT1,1
19,9,CT1,5
44,70,CT1,4
36,38,CT8,1
57,33,CT2,2
19,113,CT1,5
23,17,CT12,5
58,14,CT2,2
26,10,CT8,5
37,57,CT2,2
17,51,CT3,3
43,75,CT2,4
19,29,CT4,1
10,78,CT4,3
51,21,CT1,4
7,37,CT8,5
9,73,CT9,3
6,78,CT15,3
41,43,CT1,4
20,30,CT1,1
55,93,CT1,4
41,39,CT2,4
25,67,CT1,3
16,76,CT6,3
25,23,CT15,1
41,71,CT1,4
5,63,CT4,3
63,27,CT1,2
48,82,CT2,4
57,67,CT1,1
47,117,CT1,2
66,20,CT5,2
35,41,CT2,1
46,16,CT1,2
46,106,CT2,2
14,92,CT2,3
43,29,CT1,4
43,113,CT1,5
44,36,CT2,4
24,42,CT1,1
31,123,CT15,5
65,21,CT2,2
46,114,CT2,2
58,10,CT1,4
10,64,CT1,3
56,94,CT2,4
34,10,CT6,1
55,39,CT2,2
13,43,CT1,5
9,33,CT1,5
50,122,CT2,2
39,103,CT7,2
51,85,CT2,4
23,13,CT1,5
37,61,CT3,2
38,42,CT1,2
35,113,CT1,5
7,31,CT5,5
53,15,CT2,4
35,37,CT1,1
18,94,CT1,3
59,83,CT2,4
56,118,CT2,2
38,14,CT1,1
37,59,CT7,2
16,42,CT5,3
49,103,CT8,2
30,90,CT1,3
28,108,CT15,5
28,14,CT1,5
41,21,CT1,1
33,111,CT4,5
26,106,CT3,5
46,10,CT2,2
25,103,CT7,5
45,39,CT1,4
59,95,CT2,4
55,119,CT2,2
21,89,CT9,3
9,89,CT4,3
22,90,CT1,3
53,47,CT2,4
32,110,CT4,5
55,13,CT2,2
12,38,CT1,5
37,121,CT8,5
22,38,CT6,1
49,25,CT1,4
62,10,CT1,2
53,63,CT2,2
49,41,CT2,4
20,40,CT2,1
27,79,CT2,3
54,16,CT1,4
35,45,CT1,1
62,30,CT2,2
41,61,CT9,2
43,121,CT1,5
35,17,CT7,1
2,96,CT1,3
36,40,CT2,1
41,59,CT1,2
39,115,CT5,5
20,42,CT1,1
29,91,CT1,3
18,114,CT15,5
24,30,CT2,1
8,50,CT9,3
41,95,CT2,2
60,98,CT8,4
55,75,CT1,4
8,106,CT2,3
16,50,CT2,3
17,15,CT1,5
64,10,CT1,4
54,100,CT1,4
44,82,CT1,4
31,61,CT1,2
37,107,CT1,5
59,33,CT1,2
48,54,CT1,4
13,13,CT1,5
21,113,CT8,5
33,107,CT1,5
37,109,CT1,5
37,47,CT2,2
35,63,CT1,2
10,74,CT5,3
37,77,CT5,1
58,28,CT1,2
40,100,CT1,2
29,95,CT1,2
41,65,CT1,2
48,110,CT1,2
57,83,CT2,4
34,70,CT3,1
43,47,CT2,4
17,87,CT2,3
28,94,CT2,2
57,89,CT1,4
51,43,CT2,4
55,33,CT2,2
46,78,CT2,4
59,27,CT1,2
38,38,CT2,4
18,48,CT1,1
31,119,CT10,5
55,51,CT1,4
7,23,CT7,5
17,119,CT1,5
13,45,CT1,3
20,94,CT2,3
47,49,CT1,4
34,102,CT1,5
64,42,CT4,1
17,65,CT1,3
54,62,CT1,4
32,126,CT4,5
39,41,CT2,4
35,95,CT6,2
3,61,CT2,3
31,13,CT1,5
19,103,CT1,5
23,23,CT2,1
58,88,CT1,4
27,13,CT7,5
34,80,CT3,1
21,47,CT1,1
40,14,CT1,1
43,69,CT5,4
50,94,CT1,4
42,104,CT1,2
56,96,CT1,4
39,121,CT5,5
15,101,CT5,3
66,24,CT1,2
52,44,CT1,2
54,84,CT1,4
39,65,CT1,2
17,37,CT7,5
52,88,CT2,4
54,78,CT1,4
20,24,CT1,5
17,9,CT1,5
53,35,CT2,4
62,58,CT16,1
13,93,CT1,3
43,109,CT1,2
42,112,CT7,5
3,103,CT1,3
56,32,CT1,2
25,13,CT6,5
41,99,CT4,2
22,84,CT1,3
24,58,CT1,3
26,40,CT2,1
26,58,CT1,3
64,54,CT4,1
40,120,CT5,5
59,23,CT1,2
19,7,CT10,5
40,64,CT2,2
41,73,CT5,4
56,56,CT1,4
51,75,CT2,4
31,63,CT2,1
26,2,CT16,5
31,31,CT4,1
54,64,CT2,2
60,14,CT2,4
46,38,CT2,4
1,91,CT1,3
39,95,CT1,2
42,84,CT1,2
36,112,CT5,5
35,89,CT2,2
29,77,CT1,1
22,36,CT1,1
19,117,CT1,5
31,97,CT1,2
33,95,CT1,2
20,106,CT8,5
60,102,CT1,4
20,90,CT4,3
23,9,CT4,5
49,47,CT2,4
59,21,CT2,2
25,15,CT1,5
60,110,CT1,2
11,83,CT1,3
6,60,CT3,3
32,82,CT1,3
47,111,CT8,2
51,67,CT1,4
17,109,CT1,5
58,30,CT1,2
7,101,CT1,3
27,5,CT8,5
49,121,CT3,2
64,38,CT1,2
23,41,CT2,1
22,118,CT8,5
50,8,CT1,4
43,67,CT1,4
57,103,CT2,4
26,82,CT1,3
7,73,CT1,3
40,116,CT1,5
3,101,CT1,3
32,78,CT1,1
19,53,CT1,2
9,45,CT3,5
6,52,CT2,3
17,101,CT4,3
34,82,CT1,1
65,35,CT5,2
51,17,CT2,4
42,94,CT1,2
37,45,CT5,4
39,19,CT1,1
35,91,CT1,3
7,87,CT8,3
19,33,CT1,1
19,81,CT6,3
60,84,CT2,4
31,83,CT3,3
54,34,CT1,2
41,53,CT2,4
17,121,CT3,5
45,69,CT2,4
30,70,CT1,1
55,123,CT1,2
34,46,CT1,1
35,3,CT1,5
51,103,CT2,4
14,100,CT1,3
34,32,CT1,1
17,83,CT2,3
5,51,CT6,3
35,119,CT10,5
27,119,CT5,5
37,23,CT2,1
62,32,CT2,2
65,79,CT6,1
59,45,CT1,1
59,113,CT1,2
36,8,CT1,1
43,87,CT7,2
17,127,CT8,5
51,7,CT1,4
37,27,CT1,1
42,54,CT2,2
58,86,CT2,4
47,59,CT2,4
17,19,CT3,5
32,46,CT1,1
31,69,CT4,1
15,11,CT10,5
64,82,CT1,4
31,33,CT4,1
19,99,CT1,3
64,44,CT15,1
33,41,CT1,1
59,35,CT1,2
31,93,CT1,3
20,38,CT2,1
26,72,CT2,3
49,79,CT2,4
9,99,CT2,3
11,29,CT5,5
24,2,CT2,5
60,62,CT2,1
39,37,CT1,4
64,32,CT2,2
64,76,CT3,1
63,87,CT1,4
19,107,CT2,5
28,4,CT3,5
57,19,CT1,2
57,53,CT1,1
32,60,CT3,2
32,64,CT1,1
37,51,CT2,2
10,42,CT1,5
33,75,CT8,1
21,7,CT15,5
18,120,CT2,5
47,43,CT1,4
42,90,CT2,2
55,19,CT2,4
58,60,CT2,1
42,52,CT1,4
38,16,CT4,1
36,84,CT1,2
45,9,CT6,2
17,7,CT5,5
28,58,CT1,3
34,120,CT15,5
49,45,CT1,4
43,37,CT2,4
14,28,CT9,5
24,54,CT1,1
48,50,CT2,4
16,84,CT1,3
61,81,CT2,4
66,26,CT4,2
57,51,CT2,1
25,89,CT1,3
33,69,CT1,1
31,51,CT15,1
9,21,CT7,5
14,26,CT15,5
37,39,CT1,1
28,28,CT1,1
55,15,CT2,4
35,47,CT1,1
2,102,CT1,3
65,55,CT8,1
22,14,CT1,5
25,107,CT6,5
46,56,CT2,4
30,112,CT6,5
7,69,CT1,3
16,68,CT2,3
54,50,CT2,2
19,19,CT1,5
43,107,CT1,2
11,81,CT1,3
57,27,CT1,2
12,44,CT9,3
40,54,CT1,2
26,118,CT15,5
38,18,CT4,1
29,105,CT16,5
51,123,CT4,2
53,71,CT1,2
53,53,CT2,4
34,72,CT1,1
34,114,CT5,5
33,53,CT4,1
53,105,CT2,4
6,38,CT6,5
48,62,CT2,4
1,103,CT1,3
23,97,CT1,5
32,84,CT1,3
12,36,CT1,5
56,52,CT4,1
49,19,CT2,4
49,125,CT3,2
52,34,CT1,4
30,80,CT1,3
65,65,CT6,1
6,48,CT14,3
8,32,CT9,5
47,37,CT2,4
16,36,CT1,5
37,79,CT1,1
9,39,CT1,5
16,46,CT12,3
27,21,CT1,1
42,46,CT1,4
7,105,CT1,3
55,85,CT2,4
44,122,CT10,5
4,90,CT2,3
49,123,CT1,2
45,33,CT2,4
33,123,CT15,5
47,87,CT1,2
28,36,CT6,1
27,23,CT1,1
2,90,CT1,3
39,105,CT1,2
24,10,CT2,5
33,13,CT1,1
63,39,CT1,2
26,116,CT6,5
25,73,CT1,3
46,102,CT6,2
33,91,CT7,3
12,42,CT6,5
61,105,CT2,4
56,110,CT1,2
66,46,CT1,1
10,40,CT5,5
23,63,CT1,3
10,68,CT8,3
40,82,CT1,2
26,36,CT5,1
43,119,CT1,5
31,103,CT6,5
50,44,CT1,4
36,64,CT1,2
37,83,CT2,1
12,26,CT5,5
21,57,CT8,3
46,72,CT2,4
44,68,CT4,4
27,55,CT1,3
36,28,CT8,1
26,102,CT12,5
11,47,CT1,3
11,39,CT5,5
33,81,CT2,1
17,33,CT2,5
24,16,CT9,5
7,55,CT3,3
63,67,CT4,1
13,39,CT1,5
51,31,CT1,4
50,70,CT2,4
6,50,CT2,3
39,69,CT2,4
65,37,CT8,2
31,89,CT1,3
17,79,CT1,3
49,81,CT2,4
63,77,CT2,1
65,39,CT4,2
14,12,CT1,5
20,58,CT2,3
4,92,CT2,3
55,97,CT2,4
20,34,CT14,1
64,92,CT1,4
58,22,CT2,2
46,66,CT1,4
52,22,CT1,2
7,29,CT5,5
38,92,CT1,2
20,26,CT15,1
48,38,CT1,4
52,120,CT3,2
56,18,CT8,2
13,29,CT1,5
39,77,CT1,1
22,120,CT8,5
5,45,CT3,3
9,61,CT8,3
3,97,CT1,3
23,31,CT2,1
30,32,CT1,1
9,71,CT1,3
29,13,CT4,5
29,61,CT7,2
26,62,CT1,3
37,67,CT2,1
31,17,CT2,1
65,53,CT16,1
42,106,CT2,2
33,73,CT4,1
58,82,CT2,4
32,8,CT8,5
54,88,CT1,4
28,52,CT1,1
18,16,CT4,5
53,91,CT2,4
29,7,CT1,5
22,6,CT7,5
10,82,CT2,3
8,104,CT1,3
53,121,CT1,2
57,43,CT1,2
39,75,CT2,4
32,36,CT6,1
17,77,CT1,3
59,65,CT1,1
46,62,CT2,4
37,9,CT1,1
19,95,CT7,3
11,45,CT1,5
30,122,CT10,5
28,110,CT5,5
46,76,CT8,4
37,13,CT1,1
40,42,CT2,4
50,90,CT1,4
60,66,CT1,1
59,13,CT2,2
25,111,CT15,5
20,80,CT13,3
46,44,CT1,4
12,78,CT1,3
38,116,CT6,5
44,112,CT5,2
24,88,CT1,3
11,37,CT6,5
30,104,CT6,5
21,103,CT3,5
21,107,CT1,5
64,74,CT15,1
39,91,CT5,2
30,124,CT8,5
32,114,CT10,5
65,75,CT5,1
46,50,CT2,4
33,25,CT16,1
41,77,CT6,4
13,87,CT2,3
25,11,CT6,5
52,56,CT2,4
65,27,CT1,2
47,97,CT1,2
45,57,CT2,4
62,84,CT2,4
12,96,CT8,3
48,40,CT2,4
14,62,CT2,3
66,54,CT4,1
17,71,CT6,3
52,124,CT1,2
42,34,CT4,4
39,85,CT2,2
44,44,CT2,4
11,93,CT4,3
45,43,CT2,4
36,100,CT1,2
6,40,CT7,5
20,56,CT1,3
41,83,CT1,2
34,52,CT3,2
46,116,CT1,2
15,81,CT2,3
45,29,CT2,4
56,64,CT1,2
17,39,CT2,5
37,125,CT1,5
58,16,CT1,4
54,38,CT2,2
50,20,CT2,4
35,1,CT6,5
40,20,CT2,1
1,101,CT1,3
45,15,CT1,2
29,39,CT1,1
57,41,CT1,2
8,92,CT2,3
45,79,CT1,4
31,105,CT10,5
42,32,CT1,4
26,78,CT8,3
58,76,CT1,4
4,98,CT1,3
54,76,CT1,4
33,83,CT1,1
41,75,CT2,4
49,83,CT3,4
55,73,CT2,2
43,111,CT5,2
61,71,CT1,1
36,116,CT4,5
30,12,CT2,5
37,33,CT4,1
47,67,CT2,4
43,51,CT1,4
7,75,CT1,3
30,110,CT4,5
54,14,CT2,4
53,107,CT2,4
23,115,CT1,5
48,56,CT1,4
6,58,CT1,3
3,85,CT2,3
22,18,CT1,5
4,84,CT1,3
32,34,CT7,1
33,105,CT1,5
17,53,CT2,3
59,119,CT8,2
37,53,CT2,2
53,109,CT2,2
44,110,CT1,2
32,108,CT5,5
51,89,CT2,4
21,119,CT14,5
15,51,CT17,3
42,40,CT1,4
52,78,CT1,4
24,48,CT4,1
41,119,CT1,5
53,119,CT1,2
20,116,CT3,5
16,96,CT7,3
32,88,CT5,3
36,50,CT1,1
55,63,CT2,2
15,47,CT12,3
48,64,CT2,4
22,8,CT8,5
61,109,CT1,2
39,27,CT1,1
25,49,CT6,1
40,72,CT1,4
30,58,CT1,3
42,80,CT1,4
12,32,CT8,5
51,65,CT1,2
63,91,CT2,4
53,59,CT2,4
66,38,CT2,2
54,36,CT2,2
18,12,CT15,5
40,118,CT3,5
10,46,CT1,3
63,49,CT4,1
28,88,CT1,3
17,97,CT8,3
24,120,CT4,5
23,29,CT1,1
21,35,CT1,1
28,16,CT8,5
63,37,CT2,2
38,70,CT1,4
55,25,CT1,2
9,49,CT1,3
33,101,CT9,5
60,106,CT1,4
27,29,CT4,1
24,34,CT2,1
29,107,CT8,5
43,49,CT2,4
19,27,CT1,1
63,19,CT1,2
35,19,CT2,1
65,25,CT1,2
16,40,CT1,5
25,71,CT1,3
57,49,CT2,1
62,70,CT4,1
45,97,CT1,2
57,95,CT2,4
34,18,CT1,1
5,97,CT1,3
46,40,CT2,4
54,32,CT2,2
53,95,CT2,4
17,91,CT1,3
20,64,CT3,3
50,38,CT1,4
26,124,CT10,5
61,21,CT2,2
27,83,CT1,3
17,47,CT3,3
51,125,CT1,2
25,93,CT12,3
25,17,CT1,5
62,102,CT3,4
10,32,CT1,5
42,108,CT2,5
17,105,CT1,3
41,49,CT1,4
31,27,CT1,1
25,117,CT15,5
59,85,CT1,4
40,60,CT3,2
44,14,CT1,2
23,5,CT2,5
54,122,CT1,2
39,55,CT1,2
59,61,CT2,1
55,83,CT1,4
49,51,CT2,4
11,65,CT1,3
48,124,CT3,2
33,97,CT1,2
47,65,CT2,4
44,34,CT1,4
59,57,CT2,1
51,69,CT1,4
58,62,CT5,1
16,56,CT1,3
60,50,CT1,1
65,29,CT2,2
28,22,CT1,1
49,29,CT2,4
31,53,CT1,1
46,54,CT2,4
44,66,CT2,4
35,39,CT2,1
35,35,CT1,1
41,51,CT1,4
40,58,CT2,2
56,34,CT1,2
55,59,CT2,4
34,104,CT1,5
61,113,CT1,2
21,83,CT1,3
62,42,CT1,1
34,126,CT6,5
21,33,CT1,1
40,32,CT1,1
57,47,CT1,1
64,36,CT2,2
36,16,CT2,1
21,81,CT1,3
59,111,CT2,2
58,46,CT1,1
56,44,CT1,2
22,102,CT1,5
35,25,CT4,1
47,119,CT1,2
37,87,CT2,2
30,96,CT1,5
47,19,CT1,2
5,79,CT3,3
31,81,CT1,3
36,10,CT1,1
62,100,CT2,4
10,76,CT3,3
63,73,CT5,1
32,90,CT1,3
38,104,CT2,2
44,26,CT1,2
13,53,CT2,3
54,96,CT2,4
29,55,CT1,1
49,53,CT2,4
10,72,CT1,3
59,97,CT1,4
32,20,CT2,1
22,26,CT1,1
43,89,CT1,2
33,85,CT1,3
45,109,CT2,2
53,77,CT2,4
38,68,CT1,4
29,57,CT2,1
51,51,CT2,4
60,48,CT1,1
50,58,CT2,4
42,10,CT2,2
5,87,CT1,3
23,85,CT2,3
55,11,CT2,2
36,96,CT4,2
22,54,CT8,1
29,23,CT1,1
32,100,CT1,5
61,79,CT2,4
29,33,CT1,1
40,86,CT2,2
60,60,CT2,1
35,67,CT2,1
63,13,CT1,2
21,21,CT3,5
61,43,CT1,1
66,48,CT4,1
39,53,CT2,4
15,13,CT2,5
48,96,CT1,2
40,34,CT3,4
23,103,CT1,5
50,116,CT1,2
32,52,CT1,1
21,19,CT2,5
12,82,CT1,3
13,57,CT1,3
20,44,CT1,1
21,39,CT5,1
50,60,CT2,4
18,36,CT2,1
50,120,CT1,2
60,68,CT1,1
20,18,CT2,5
64,46,CT6,1
40,102,CT1,2
47,7,CT10,2
36,20,CT4,1
63,33,CT1,2
60,28,CT2,2
36,98,CT5,2
23,7,CT14,5
17,107,CT1,5
8,62,CT2,3
26,6,CT14,5
4,64,CT8,3
9,95,CT1,3
24,100,CT7,5
17,99,CT2,3
54,8,CT2,4
55,79,CT17,4
18,52,CT1,3
61,17,CT5,2
59,53,CT1,1
14,54,CT5,3
22,88,CT1,3
23,49,CT2,1
30,24,CT1,1
42,60,CT1,2
34,12,CT1,1
56,16,CT1,4
29,21,CT1,1
6,82,CT8,3
26,112,CT15,5
58,90,CT2,4
5,35,CT2,5
25,61,CT6,3
6,32,CT7,5
26,54,CT1,1
30,30,CT1,1
27,125,CT5,5
36,56,CT1,2
32,58,CT1,2
36,58,CT1,2
41,105,CT4,2
20,92,CT1,3
30,82,CT12,3
54,10,CT2,4
57,45,CT2,2
38,96,CT2,2
57,17,CT1,4
34,74,CT4,1
49,57,CT1,4
54,86,CT4,4
5,57,CT16,3
48,32,CT2,4
34,64,CT2,2
35,117,CT2,5
18,58,CT3,3
16,78,CT1,3
54,118,CT2,2
24,46,CT3,1
24,60,CT12,3
31,65,CT1,1
60,70,CT1,1
53,29,CT2,2
11,35,CT1,5
58,44,CT1,2
44,16,CT1,1
25,51,CT1,1
42,56,CT2,2
49,31,CT2,4
39,23,CT2,1
31,19,CT1,1
56,108,CT2,4
34,108,CT3,5
58,114,CT2,2
28,126,CT10,5
47,103,CT2,2
63,61,CT1,1
61,95,CT2,4
11,15,CT3,5
51,49,CT2,4
55,49,CT1,2
47,79,CT2,4
32,48,CT2,1
28,20,CT2,1
45,59,CT2,4
30,92,CT2,3
52,28,CT2,2
33,49,CT2,1
23,45,CT1,1
38,62,CT2,2
13,95,CT1,3
15,93,CT4,3
18,8,CT15,5
30,106,CT15,5
48,72,CT2,4
31,73,CT1,1
61,41,CT1,2
24,4,CT4,5
22,16,CT1,5
7,89,CT1,3
28,72,CT1,1
30,42,CT3,1
26,34,CT1,1
46,48,CT2,4
58,36,CT1,2
3,75,CT3,3
22,24,CT2,1
64,62,CT6,1
17,29,CT1,5
12,70,CT7,3
57,29,CT1,2
18,84,CT8,3
35,99,CT1,2
54,110,CT1,2
40,40,CT2,4
63,53,CT4,1
30,36,CT1,1
61,53,CT14,1
31,79,CT2,1
40,70,CT1,4
24,114,CT4,5
52,116,CT2,2
31,57,CT1,2
61,63,CT1,1
64,14,CT1,2
6,26,CT1,5
18,126,CT8,5
8,76,CT12,3
22,110,CT1,5
26,60,CT1,3
39,117,CT1,5
31,107,CT12,5
34,56,CT2,2
30,48,CT1,1
32,122,CT5,5
27,69,CT2,1
34,34,CT1,1
8,36,CT5,5
23,75,CT6,3
29,115,CT4,5
44,80,CT1,4
28,114,CT15,5
58,18,CT2,2
33,27,CT1,1
18,86,CT1,3
51,121,CT1,2
33,19,CT2,1
31,113,CT7,5
6,42,CT3,5
18,64,CT2,3
22,76,CT1,3
25,53,CT1,1
32,32,CT2,1
56,74,CT2,2
34,84,CT2,3
53,99,CT2,4
47,81,CT2,4
50,64,CT2,4
28,98,CT1,5
51,53,CT1,4
20,16,CT7,5
52,100,CT2,4
29,89,CT1,3
56,70,CT1,2
62,46,CT1,1
46,84,CT1,2
41,41,CT2,4
46,120,CT3,2
47,21,CT2,2
40,76,CT2,4
26,32,CT2,1
30,20,CT4,1
10,88,CT2,3
12,90,CT1,3
38,30,CT1,1
49,95,CT14,4
15,69,CT1,3
56,92,CT3,4
30,62,CT1,2
29,45,CT7,1
45,99,CT1,2
58,32,CT2,2
57,15,CT1,4
37,55,CT1,2
57,37,CT2,2
57,119,CT2,2
8,48,CT5,3
47,75,CT2,4
50,80,CT2,4
15,31,CT2,5
9,37,CT5,5
36,2,CT13,5
45,37,CT2,4
26,4,CT2,5
19,61,CT1,3
57,99,CT5,4
31,29,CT1,1
19,89,CT1,3
65,73,CT4,1
29,63,CT6,2
24,108,CT6,5
28,74,CT1,1
17,41,CT1,5
25,87,CT1,3
6,76,CT2,3
30,28,CT2,1
33,79,CT12,1
45,23,CT1,2
32,74,CT1,1
49,105,CT1,2
49,13,CT1,4
58,96,CT2,4
31,109,CT15,5
59,71,CT1,1
39,15,CT1,1
40,88,CT1,2
10,56,CT2,3
57,23,CT2,2
10,90,CT1,3
5,95,CT1,3
27,77,CT1,3
16,106,CT4,3
12,56,CT6,3
37,25,CT4,1
5,81,CT2,3
56,38,CT1,2
27,19,CT5,1
22,40,CT1,1
53,83,CT2,4
47,77,CT9,4
53,117,CT6,2
43,23,CT2,1
57,105,CT2,4
52,54,CT2,4
10,62,CT1,3
28,2,CT13,5
54,46,CT2,2
9,31,CT1,5
52,10,CT2,4
27,11,CT3,5
57,25,CT1,2
5,93,CT1,3
56,106,CT1,4
27,67,CT1,1
46,30,CT2,4
23,43,CT5,1
48,66,CT2,4
29,99,CT15,5
44,98,CT1,2
34,54,CT3,2
18,40,CT4,5
22,64,CT5,3
14,34,CT1,5
41,15,CT2,2
49,87,CT1,4
20,78,CT1,3
61,93,CT7,4
54,80,CT1,4
12,94,CT1,3
45,113,CT1,2
52,112,CT2,2
13,23,CT15,5
20,52,CT1,3
55,115,CT1,2
65,43,CT15,1
21,37,CT1,1
47,95,CT1,2
56,84,CT5,4
34,94,CT1,2
28,120,CT10,5
54,112,CT1,2
34,118,CT10,5
51,83,CT2,4
35,123,CT2,5
25,127,CT8,5
25,5,CT10,5
61,99,CT2,4
41,79,CT1,4
17,123,CT16,5
15,23,CT16,5
38,126,CT1,5
36,122,CT2,5
40,98,CT9,2
40,36,CT1,4
10,44,CT1,5
32,80,CT6,1
51,35,CT2,4
15,45,CT1,3
21,91,CT1,3
25,29,CT5,1
45,93,CT1,2
40,108,CT1,5
43,99,CT2,2
32,96,CT2,2
39,71,CT1,4
32,66,CT4,1
60,116,CT1,2
45,107,CT1,2
32,68,CT2,1
65,67,CT4,1
21,65,CT1,3
34,98,CT2,2
50,114,CT2,2
34,116,CT7,5
58,120,CT1,2
7,79,CT1,3
11,73,CT6,3
35,83,CT1,1
66,36,CT1,2
19,11,CT1,5
17,5,CT1,5
17,125,CT7,5
66,50,CT7,1
47,109,CT5,2
40,124,CT16,5
16,102,CT19,3
55,9,CT2,2
38,2,CT1,1
35,101,CT1,2
66,62,CT8,1
7,97,CT1,3
33,47,CT5,1
3,105,CT1,3
44,22,CT1,2
37,95,CT1,2
46,68,CT2,4
62,16,CT1,2
18,54,CT1,3
41,91,CT9,2
7,63,CT1,3
16,94,CT1,3
42,38,CT2,4
55,65,CT1,2
19,85,CT1,3
58,58,CT1,1
56,8,CT1,2
47,57,CT2,4
45,41,CT2,4
30,84,CT2,3
48,112,CT2,2
55,43,CT1,2
28,12,CT6,5
42,24,CT1,1
27,107,CT4,5
28,54,CT2,1
16,100,CT1,3
28,50,CT1,1
30,114,CT3,5
59,103,CT3,4
48,8,CT10,2
64,50,CT8,1
31,41,CT1,1
48,44,CT1,4
38,34,CT1,1
16,34,CT6,5
60,90,CT1,4
30,60,CT1,1
62,90,CT1,4
6,66,CT1,3
17,13,CT1,5
42,22,CT1,1
38,46,CT2,4
42,18,CT1,2
42,16,CT2,2
24,74,CT1,3
40,90,CT2,2
35,85,CT9,3
19,67,CT3,3
1,105,CT1,3
29,81,CT3,3
43,19,CT2,2
54,52,CT2,4
20,76,CT1,3
51,71,CT1,4
4,96,CT2,3
21,87,CT1,3
45,75,CT1,4
33,119,CT6,5
62,34,CT2,2
57,63,CT1,1
55,105,CT2,4
16,20,CT5,5
20,70,CT1,3
52,82,CT2,4
45,13,CT1,2
46,46,CT2,4
60,32,CT1,2
50,40,CT2,4
21,11,CT1,5
31,67,CT1,1
41,123,CT1,5
27,41,CT7,1
22,70,CT2,3
12,54,CT8,3
12,66,CT7,3
43,43,CT1,4
53,21,CT2,2
11,17,CT1,5
42,76,CT17,4
52,90,CT1,4
5,55,CT4,3
45,95,CT2,2
57,61,CT1,1
66,72,CT5,1
27,127,CT16,5
64,70,CT4,1
21,41,CT1,1
38,66,CT2,2
62,26,CT1,2
62,66,CT4,1
9,17,CT2,5
24,102,CT2,5
39,35,CT5,4
14,46,CT7,3
20,68,CT8,3
23,107,CT1,5
26,18,CT5,5
20,10,CT1,5
62,80,CT1,4
58,20,CT1,2
37,73,CT1,1
6,68,CT1,3
22,122,CT11,5
29,41,CT1,1
50,78,CT2,4
22,86,CT10,3
66,56,CT12,1
54,106,CT1,4
5,99,CT1,3
44,58,CT1,2
39,61,CT1,2
56,12,CT1,2
28,76,CT1,1
49,11,CT1,2
26,38,CT2,1
55,47,CT1,2
51,55,CT1,4
7,43,CT1,5
60,82,CT1,4
42,12,CT1,2
19,51,CT7,3
23,27,CT18,1
12,98,CT1,3
46,108,CT1,2
8,46,CT1,3
15,73,CT1,3
54,116,CT2,2
18,72,CT1,3
47,89,CT1,2
13,79,CT2,1
41,11,CT5,1
48,100,CT1,2
8,68,CT1,5
7,59,CT1,3
52,74,CT1,4
2,106,CT1,3
21,5,CT14,5
37,29,CT1,1
26,16,CT8,5
60,8,CT2,2
26,114,CT15,5
25,1,CT1,5
50,74,CT1,4
23,55,CT5,1
11,91,CT1,3
24,112,CT5,5
36,14,CT1,1
3,107,CT1,3
59,91,CT2,4
38,58,CT1,2
20,120,CT1,5
5,43,CT3,5
34,86,CT8,3
35,33,CT1,1
29,79,CT3,3
25,125,CT12,5
10,50,CT5,3
43,93,CT1,2
21,109,CT1,5
11,57,CT1,3
30,18,CT5,1
34,30,CT4,1
9,23,CT10,5
61,15,CT1,2
11,53,CT12,3
21,73,CT1,3
59,63,CT1,1
53,97,CT2,4
36,18,CT1,1
29,87,CT3,3
65,59,CT7,1
44,118,CT1,5
65,49,CT2,1
58,116,CT5,2
24,36,CT4,1
31,21,CT8,1
44,86,CT1,2
26,8,CT5,5
36,44,CT2,1
49,61,CT2,4
33,43,CT1,1
46,122,CT15,2
24,82,CT15,3
9,77,CT1,3
18,56,CT2,3
49,115,CT7,2
9,27,CT4,5
8,52,CT7,3
26,12,CT15,5
31,95,CT1,2
24,22,CT3,1
19,55,CT1,1
22,114,CT1,5
10,54,CT12,3
36,4,CT1,1
24,14,CT6,5
46,26,CT1,4
6,96,CT1,3
43,101,CT1,2
13,77,CT1,3
30,44,CT1,1
7,39,CT1,5
59,25,CT2,2
64,90,CT3,4
18,76,CT15,3
4,70,CT2,3
30,68,CT3,1
62,76,CT1,1
17,69,CT5,3
24,52,CT1,1
26,96,CT1,3
20,36,CT14,1
41,103,CT10,2
34,28,CT18,1
17,85,CT1,3
24,24,CT3,1
60,58,CT5,1
11,21,CT8,5
33,93,CT1,2
2,100,CT1,3
48,78,CT1,4
34,16,CT3,1
34,78,CT6,1
43,31,CT1,4
44,54,CT1,4
19,115,CT6,5
2,68,CT1,3
52,64,CT1,4
61,45,CT1,1
16,86,CT5,3
48,80,CT2,4
46,86,CT3,2
13,21,CT2,5
20,28,CT1,1
22,98,CT1,3
31,15,CT15,1
38,94,CT7,2
58,38,CT1,2
62,94,CT1,4
34,26,CT4,1
47,91,CT1,2
22,112,CT9,5
5,53,CT1,3
61,73,CT1,1
38,74,CT1,1
26,64,CT1,3
13,33,CT3,5
51,87,CT1,4
52,18,CT3,4
27,17,CT1,1
46,8,CT1,2
22,60,CT3,3
41,63,CT1,4
27,35,CT2,1
38,82,CT3,1
7,45,CT8,5
26,20,CT1,1
46,70,CT2,4
15,59,CT1,3
55,121,CT1,2
35,75,CT8,1
20,48,CT1,1
13,75,CT1,3
38,86,CT1,2
7,77,CT1,3
38,54,CT1,2
55,69,CT1,2
47,85,CT1,4
55,95,CT2,4
40,16,CT1,1
27,7,CT9,5
19,75,CT4,3
23,95,CT1,3
48,46,CT2,4
50,46,CT1,4
39,111,CT1,5
13,99,CT1,3
61,107,CT5,4
1,89,CT3,3
46,12,CT2,2
21,101,CT1,5
46,64,CT1,2
54,44,CT1,2
41,115,CT1,5
45,87,CT2,2
21,49,CT4,1
50,86,CT1,4
35,15,CT1,1
11,25,CT2,5
52,68,CT1,2
24,44,CT5,1
25,45,CT2,1
61,59,CT16,1
11,19,CT2,5
57,9,CT2,2
59,47,CT1,1
41,117,CT5,5
20,100,CT5,3
7,99,CT2,3
16,88,CT1,3
18,24,CT7,5
36,72,CT1,1
55,37,CT2,2
47,121,CT8,2
12,86,CT1,3
29,29,CT1,1
23,105,CT8,5
34,90,CT1,3
6,84,CT3,3
22,32,CT1,1
60,46,CT2,1
22,44,CT1,1
29,121,CT10,5
52,84,CT2,4
49,69,CT1,4
33,17,CT1,1
40,80,CT2,4
28,106,CT10,5
20,12,CT1,5
18,34,CT15,1
17,61,CT4,3
49,101,CT2,2
2,70,CT1,3
47,41,CT2,4
40,110,CT10,5
52,32,CT1,4
21,79,CT1,3
23,35,CT3,1
30,8,CT1,5
24,104,CT6,5
19,21,CT3,5
60,88,CT2,4
32,50,CT1,1
62,12,CT1,2
34,76,CT3,1
48,10,CT3,2
39,97,CT2,2
47,99,CT1,2
44,32,CT2,4
64,80,CT1,4
24,78,CT1,3
50,34,CT2,4
9,51,CT2,3
41,101,CT1,2
43,41,CT1,4
46,104,CT1,2
55,87,CT1,4
44,38,CT2,4
44,116,CT8,5
38,118,CT1,5
7,91,CT1,3
39,119,CT8,5
27,115,CT5,5
29,47,CT15,1
24,90,CT2,3
48,34,CT1,4
27,33,CT1,1
43,57,CT2,2
21,59,CT2,3
41,35,CT3,4
44,114,CT5,5
54,24,CT1,2
36,34,CT1,1
62,18,CT1,2
62,78,CT2,4
11,97,CT3,3
22,4,CT10,5
53,45,CT2,2
2,66,CT1,3
25,19,CT4,5
51,41,CT2,4
14,96,CT9,3
22,72,CT1,3
19,57,CT1,3
33,57,CT1,2
22,20,CT5,5
8,78,CT4,3
50,24,CT2,4
41,29,CT2,1
51,105,CT2,4
56,86,CT2,4
8,44,CT5,5
48,52,CT2,4
10,60,CT8,3
17,55,CT2,3
17,21,CT6,5
16,82,CT1,3
35,121,CT10,5
23,37,CT1,1
28,70,CT2,1
51,109,CT1,2
30,76,CT5,1
15,125,CT14,5
33,117,CT10,5
48,48,CT1,4
39,125,CT4,5
53,23,CT2,4
46,32,CT1,4
27,81,CT1,3
35,55,CT2,2
12,74,CT3,3
22,58,CT1,3
56,90,CT1,4
43,13,CT1,2
60,74,CT1,1
18,60,CT1,3
50,28,CT2,4
24,126,CT16,5
63,95,CT1,4
56,60,CT1,4
51,59,CT2,4
22,42,CT1,1
24,64,CT1,3
31,77,CT3,1
58,42,CT1,2
60,30,CT1,2
45,27,CT15,2
7,51,CT1,3
